Metric,Mean,Median,Min,Max,Std Dev
context_relevance,0.6391383962933779,0.648790048452121,0.5397441024347357,0.6852750721349337,0.052952534342063706
context_utilization,0.5795724019653286,0.5625,0.39285714285714285,0.8260869565217391,0.17140386299045962
semantic_similarity,0.763626438960012,0.7406012082544113,0.6655413282167895,0.8533571553671423,0.07057293538679979
bleu_score,0.08527194460610965,0.11002068284361832,0.01214685461458544,0.16020720994064927,0.05748973887431611
potential_hallucination_score,0.4204275980346714,0.4375,0.17391304347826086,0.6071428571428572,0.17140386299045965
rouge2_f1,0.14398522914271544,0.14814814814814814,0.043750000000000004,0.25,0.08559309781464972
rougeL_f1,0.2535468823616151,0.25,0.09937888198757765,0.39999999999999997,0.1044663867994549
answer_length,87.4,28.0,18.0,259.0,91.90777986655971
rouge1_f1,0.29176405427859314,0.2857142857142857,0.10559006211180123,0.39999999999999997,0.10836546202035906
