{
  "timestamp": "2025-03-17T15:58:16.756873",
  "num_examples": 5,
  "aggregated_metrics": {
    "rougeL_f1": {
      "mean": 0.2008515388515389,
      "median": 0.13675213675213674,
      "min": 0.06486486486486487,
      "max": 0.36000000000000004,
      "std": 0.11410523566012548
    },
    "context_relevance": {
      "mean": 0.6391383962933779,
      "median": 0.648790048452121,
      "min": 0.5397441024347357,
      "max": 0.6852750721349337,
      "std": 0.052952534342063706
    },
    "bleu_score": {
      "mean": 0.03247075497756123,
      "median": 0.012580101520516881,
      "min": 0.0015397079930921473,
      "max": 0.07771324020744104,
      "std": 0.03276767222734007
    },
    "semantic_similarity": {
      "mean": 0.7567894707877197,
      "median": 0.7538543005639133,
      "min": 0.6445321484994417,
      "max": 0.8897201176352219,
      "std": 0.09395774104629259
    },
    "answer_length": {
      "mean": 71.4,
      "median": 71.0,
      "min": 